iter	RMSE
0	0.2274724103
1	0.08714559914
2	0.05755239351
3	0.04566276177
4	0.04129203848
5	0.04058582014
6	0.03800765771
7	0.03487874671
8	0.03164277083
9	0.03032067411
10	0.0293679006
11	0.02800129738
12	0.02758741034
13	0.02736941093
14	0.02727102348
15	0.02722264661
16	0.02636406376
17	0.02612642434
18	0.02544673264
19	0.0252322355
